Name,Start Time,Duration,Run ID,Source Type,Status,dataset__target_,dataset_batch_size,dataset_max_seq_len,dataset_num_workers,dataset_pin_memory,dataset_pretrained_path,dataset_thereshold,model__target_,model_amino_vocab_size,model_batch_size,model_condense_graph_dim,model_condense_num_dim,model_condense_text_dim,model_dropout_prob,model_eps,model_lr,model_max_epochs,model_node_dim,model_num_feature_dim,model_num_gnn_layers,model_post_fusion_dim,model_post_fusion_dropout_prob,model_pretrained_path,model_rank,model_train_size,model_warmup_epoch,model_weight_decay,model_with_intermediate_layer,model_with_lowrank_tensorfusion_network,model_with_lstm,model_with_tensorfusion_network,trainer__target_,trainer_accelerator,trainer_gpus,trainer_max_epochs,trainer_min_epochs,trainer_progress_bar_refresh_rate,trainer_resume_from_checkpoint,trainer_weights_summary,test/auroc_mean,test/auroc_std,test/f1_mean,test/f1_std,test/prec_mean,test/prec_std,test/rec_mean,test/rec_std,val/f1_mean,val/f1_std,test/acc_mean,test/acc_std,test/loss_mean,test/loss_std
TextAndGraphAndNumModule3455650288,2022-02-25 11:15:19,86ms,2880f1f9b05442d681ab121590bbf6c6,LOCAL,FINISHED,src.datamodules.text_and_graph_and_num_datamodule.TextAndGraphAndNumModule,16,256.0,0,False,dmis-lab/biobert-v1.1,8.0,src.models.text_and_graph_and_num_model.TextAndGraphAndNumModule,29.0,32,32.0,32.0,128.0,,1e-08,5e-05,20,128.0,500.0,2.0,512.0,0.1,dmis-lab/biobert-v1.1,4.0,13676,5,0.01,False,False,False,False,pytorch_lightning.Trainer,ddp,2,20,1,5,None,None,0.9585967898368836,0.0115424228921348,0.842864739894867,0.0229602221843856,0.8373925924301148,0.0434032553167822,0.853620982170105,0.0595476991672916,0.8458665132522583,0.0233564121757181,0.9433796644210816,0.0082840753191739,0.2680850565433502,0.0424330419320975
TextAndGraphAndNumModule179351348,2022-02-25 07:01:52,85ms,cd605ef577e34e5da879c96f091a82c9,LOCAL,FINISHED,src.datamodules.text_and_graph_and_num_datamodule.TextAndGraphAndNumModule,16,256.0,0,False,dmis-lab/biobert-v1.1,8.0,src.models.text_and_graph_and_num_model.TextAndGraphAndNumModule,29.0,32,32.0,32.0,128.0,,1e-08,5e-05,20,128.0,500.0,2.0,512.0,0.1,dmis-lab/biobert-v1.1,4.0,13676,5,0.01,True,False,False,False,pytorch_lightning.Trainer,ddp,2,20,1,5,None,None,0.9645638585090636,0.0111017940281816,0.8471827507019043,0.0419387880820326,0.8540391445159912,0.0543742676263836,0.8416592955589295,0.0405253320006935,0.8548841714859009,0.0392611681923032,0.9455742478370668,0.0157277010894456,0.2418144792318344,0.0581678107048423
TextAndGraphAndNumModule1213126462,2022-02-25 02:51:17,91ms,75747a71722641c59f4255ce805cbae1,LOCAL,FINISHED,src.datamodules.text_and_graph_and_num_datamodule.TextAndGraphAndNumModule,16,256.0,0,False,dmis-lab/biobert-v1.1,8.0,src.models.text_and_graph_and_num_model.TextAndGraphAndNumModule,29.0,32,32.0,32.0,128.0,,1e-08,5e-05,20,128.0,300.0,2.0,512.0,0.1,dmis-lab/biobert-v1.1,4.0,13676,5,0.01,False,False,False,False,pytorch_lightning.Trainer,ddp,2,20,1,5,None,None,0.9567681789398194,0.0104417009422333,0.8361607551574707,0.0255425801245829,0.8484110593795776,0.0405133808492407,0.8277829408645629,0.0495892254844546,0.8460152983665467,0.0179555670608011,0.942209219932556,0.0093338183092018,0.2797897547483444,0.0444433870149884
TextAndGraphAndNumModule241519969,2022-02-24 22:43:49,85ms,43ac6b188ba64edbaf6859b8f145030b,LOCAL,FINISHED,src.datamodules.text_and_graph_and_num_datamodule.TextAndGraphAndNumModule,16,256.0,0,False,dmis-lab/biobert-v1.1,8.0,src.models.text_and_graph_and_num_model.TextAndGraphAndNumModule,29.0,32,32.0,32.0,128.0,,1e-08,5e-05,20,128.0,300.0,2.0,512.0,0.1,dmis-lab/biobert-v1.1,4.0,13676,5,0.01,True,False,False,False,pytorch_lightning.Trainer,ddp,2,20,1,5,None,None,0.9615805864334106,0.0108449939505964,0.824263334274292,0.0304683681842553,0.8224346876144409,0.0400513216703424,0.8288365006446838,0.051014823645751,0.8381318211555481,0.0118004878178865,0.9372348189353944,0.0100238245068352,0.281381669640541,0.0620483561689998
NumModule85577760,2022-02-24 18:48:10,65ms,d708ca752f164002a78fce546afef402,LOCAL,FINISHED,src.datamodules.num_datamodule.NumDatasetModule,16,,0,False,,,src.models.num_model.NumModule,,32,,,,,1e-08,5e-05,20,,500.0,,,,,,13676,5,0.01,,,,,pytorch_lightning.Trainer,ddp,2,20,1,5,None,None,0.6409214735031128,0.0740388404334552,0.1165838733315467,0.0219401844568512,0.4289154946804047,0.2019942594160498,0.0691975049674511,0.0093723670481669,0.1105900347232818,0.0360527658582835,0.8099488019943237,0.0239753946708966,0.4979493498802185,0.083560217915427
TextAndGraphAndNumModule2244747940,2022-02-24 18:35:42,87ms,0dc1e3aea489432081918b664535ee89,LOCAL,FINISHED,src.datamodules.text_and_graph_and_num_datamodule.TextAndGraphAndNumModule,16,256.0,0,False,dmis-lab/biobert-v1.1,8.0,src.models.text_and_graph_and_num_model.TextAndGraphAndNumModule,29.0,32,32.0,32.0,128.0,,1e-08,5e-05,20,128.0,100.0,2.0,512.0,0.1,dmis-lab/biobert-v1.1,4.0,13676,5,0.01,False,False,False,False,pytorch_lightning.Trainer,ddp,2,20,1,5,None,None,0.9622198820114136,0.0151812959504288,0.8522931218147278,0.0274186091562265,0.8692583918571473,0.0291721480685221,0.836257255077362,0.0299353012259056,0.8648282527923584,0.0349130378829071,0.9482077598571778,0.0103598575098723,0.2906444042921066,0.081509795787644
NumModule3886901441,2022-02-24 18:33:01,64ms,cd07942b03344c50a5f24f6d8eff9c06,LOCAL,FINISHED,src.datamodules.num_datamodule.NumDatasetModule,16,,0,False,,,src.models.num_model.NumModule,,32,,,,,1e-08,5e-05,20,,300.0,,,,,,13676,5,0.01,,,,,pytorch_lightning.Trainer,ddp,2,20,1,5,None,None,0.601119339466095,0.0875300531737906,0.0528475597500801,0.0455809693249754,0.3391529887914657,0.2528088021357142,0.0370703745633363,0.0416448818964288,0.0662674942985177,0.0469963494696974,0.8036576390266419,0.0338930970233249,0.5231242299079895,0.0845693855388104
NumModule1613767618,2022-02-24 18:19:48,61ms,be2292214eb448d195109bebcf78247a,LOCAL,FINISHED,src.datamodules.num_datamodule.NumDatasetModule,16,,0,False,,,src.models.num_model.NumModule,,32,,,,,1e-08,5e-05,20,,100.0,,,,,,13676,5,0.01,,,,,pytorch_lightning.Trainer,ddp,2,20,1,5,None,None,0.4955162644386292,0.0181615916860314,0.0487700305879116,0.0505003619632719,0.1189552575349807,0.0417198220982791,0.0434438720345497,0.0604042314910385,0.0747289575636386,0.0704687479940951,0.7783467411994934,0.0535786774412687,0.6274338841438294,0.0162981447682418
NumModule603429394,2022-02-24 18:10:56,60ms,d43d41eda09a408a877d2e1b681604a3,LOCAL,FINISHED,src.datamodules.num_datamodule.NumDatasetModule,16,,0,False,,,src.models.num_model.NumModule,,32,,,,,1e-08,5e-05,20,,180.0,,,,,,13676,5,0.01,,,,,pytorch_lightning.Trainer,ddp,2,20,1,5,None,None,0.5094041645526886,0.036322294099416,0.1699120134115219,0.0384861364687836,0.1679358005523681,0.0265617207873859,0.1742682382464409,0.048464510121059,0.1723691120743751,0.0452113906794959,0.7027066588401795,0.0237114578543157,0.665900707244873,0.0030065924804441
NumModule1135475674,2022-02-24 18:01:19,65ms,b1123962867b41c09e3289ec1e50c0d3,LOCAL,FINISHED,src.datamodules.num_datamodule.NumDatasetModule,16,,0,False,,,src.models.num_model.NumModule,,32,,,,,1e-08,5e-05,20,,100.0,,,,,,13676,5,0.01,,,,,pytorch_lightning.Trainer,ddp,2,20,1,5,None,None,0.4807921230792999,0.0139469498218219,0.0732217349112033,0.0414078259661002,0.178305797278881,0.0986306516851146,0.0576846096664667,0.0508217131480872,0.0935628831386566,0.0693402059115676,0.7738112688064576,0.0534074115617197,0.6471534729003906,0.0106445202061052
GraphAndNumModule1752069925,2022-02-24 17:52:27,67ms,2f5cfce7a5ef4ad88787841dd1653ece,LOCAL,FINISHED,src.datamodules.graph_and_num_datamodule.GraphAndNumModule,16,,0,False,,8.0,src.models.graph_and_num_model.GraphAndNumModule,29.0,32,,,,0.1,1e-08,5e-05,20,128.0,500.0,2.0,,,,,13676,5,0.01,,,,,pytorch_lightning.Trainer,ddp,2,20,1,5,None,None,0.4989946722984314,0.0336686201646909,0.1858425498008728,0.0254452982587842,0.1779494941234588,0.0257511527590871,0.1985164582729339,0.0353094226974808,0.1929005682468414,0.0331939885255614,0.6910022020339965,0.0297206070682883,0.6546656370162964,0.0080600723182743
GraphAndNumModule3710303716,2022-02-24 17:24:44,75ms,c2943e283b404fb69d551d989a589f32,LOCAL,FINISHED,src.datamodules.graph_and_num_datamodule.GraphAndNumModule,16,,0,False,,8.0,src.models.graph_and_num_model.GraphAndNumModule,29.0,32,,,,0.1,1e-08,5e-05,20,128.0,300.0,2.0,,,,,13676,5,0.01,,,,,pytorch_lightning.Trainer,ddp,2,20,1,5,None,None,0.4983716070652008,0.0115677115922168,0.1993790835142135,0.0212930965745543,0.1643198072910308,0.0116382458538699,0.25605688393116,0.0468152313611565,0.2181164443492889,0.0120366535322902,0.6374542832374572,0.0091671846999097,0.6618086934089661,0.0029266110163912
GraphAndNumModule1344493413,2022-02-24 16:58:57,75ms,3abcf0fce4b94d0b99a73034b5759bb5,LOCAL,FINISHED,src.datamodules.graph_and_num_datamodule.GraphAndNumModule,16,,0,False,,8.0,src.models.graph_and_num_model.GraphAndNumModule,29.0,32,,,,0.1,1e-08,5e-05,20,128.0,100.0,2.0,,,,,13676,5,0.01,,,,,pytorch_lightning.Trainer,ddp,2,20,1,5,None,None,0.5046568036079406,0.0217196432828548,0.1615162417292595,0.0279865871991332,0.1842410892248153,0.0313551428669437,0.1448235929012298,0.0290343969792673,0.1528727293014526,0.0375107401890187,0.7334308743476867,0.0102372336471897,0.6392281770706176,0.0043549961525404
GraphAndNumModule2311386271,2022-02-24 16:34:51,70ms,263538cdc3d949c4ab86d684612291e6,LOCAL,FINISHED,src.datamodules.graph_and_num_datamodule.GraphAndNumModule,16,,0,False,,8.0,src.models.graph_and_num_model.GraphAndNumModule,29.0,32,,,,0.1,1e-08,5e-05,20,128.0,180.0,2.0,,,,,13676,5,0.01,,,,,pytorch_lightning.Trainer,ddp,2,20,1,5,None,None,0.5055947840213776,0.0209977432249224,0.197786408662796,0.0338174485675297,0.1846159636974334,0.015417036786759,0.2194746017456054,0.0666447177374729,0.2000674247741699,0.0195386028945998,0.691294813156128,0.025192654733249,0.6756027102470398,0.0076637637722788
GraphAndNumModule151116853,2022-02-24 16:10:09,64ms,8aa8dbc077d24d148c98eb2b22c9eea1,LOCAL,FINISHED,src.datamodules.graph_and_num_datamodule.GraphAndNumModule,16,,0,False,,8.0,src.models.graph_and_num_model.GraphAndNumModule,29.0,32,,,,0.1,1e-08,5e-05,20,128.0,100.0,2.0,,,,,13676,5,0.01,,,,,pytorch_lightning.Trainer,ddp,2,20,1,5,None,None,0.5036216616630554,0.0194869143140835,0.1334915667772293,0.0416204073925507,0.1979164510965347,0.0239375403945376,0.1087019518017768,0.0578301362553575,0.0975230924785137,0.0487833582790298,0.7635698556900025,0.0258775128229911,0.6396543860435486,0.0077598507365615
GraphModule1535675291,2022-02-24 15:46:19,106ms,6fc49ad7fc504d69b4729af898b0e945,LOCAL,FINISHED,src.datamodules.graph_datamodule.GraphDatasetModule,16,256.0,0,False,dmis-lab/biobert-v1.1,8.0,src.models.graph_model.GraphModule,29.0,32,,,,0.1,1e-08,5e-05,20,128.0,,2.0,,,,,13676,5,0.01,,,,,pytorch_lightning.Trainer,ddp,2,20,1,5,None,None,0.5106140732765198,0.0107094799728794,0.0207119762897491,0.0414239525794982,0.0571428596973419,0.1142857193946838,0.0126482218503952,0.0252964437007904,0.0147903429344296,0.0224780641074216,0.8169714689254761,0.0122705161368467,0.6402835249900818,0.0023426080463197
TextAndNumModule366120442,2022-02-24 15:26:23,61ms,ab84cd76ceaa483abcb8d8764a05e15d,LOCAL,FINISHED,src.datamodules.text_and_num_datamodule.TextAndNumModule,16,256.0,0,False,dmis-lab/biobert-v1.1,,src.models.text_and_num_model.TextAndNumModule,,32,,,,,1e-08,5e-05,20,,500.0,,,,dmis-lab/biobert-v1.1,,13676,5,0.01,False,,False,,pytorch_lightning.Trainer,ddp,2,20,1,5,None,None,0.9490210056304932,0.0078401959262068,0.8409874439239502,0.0163219387837423,0.8604231476783752,0.0195742750296542,0.8232466578483582,0.0291295856558036,0.8527003049850463,0.0155153584060941,0.944550120830536,0.0056361071231375,0.3198703169822693,0.0384154424038254
TextAndGraphAndNumModule1397311077,2022-02-24 13:51:31,88ms,88fd2bafa5254647acee7f78b3c101b0,LOCAL,FINISHED,src.datamodules.text_and_graph_and_num_datamodule.TextAndGraphAndNumModule,16,256.0,0,False,dmis-lab/biobert-v1.1,8.0,src.models.text_and_graph_and_num_model.TextAndGraphAndNumModule,29.0,32,32.0,32.0,128.0,,1e-08,5e-05,20,128.0,100.0,2.0,512.0,0.1,dmis-lab/biobert-v1.1,4.0,13676,5,0.01,True,False,False,False,pytorch_lightning.Trainer,ddp,2,20,1,5,None,None,0.9608083844184876,0.0056610729854967,0.8401837944984436,0.0204355443092121,0.838262403011322,0.0312992266595335,0.8434053063392639,0.0307575414046744,0.8445029497146607,0.0176598867615775,0.9426481366157532,0.0085885483395311,0.251862421631813,0.0250693139401084
TextAndNumModule2833307578,2022-02-24 10:48:50,68ms,116adc9fbc6c444cb360287e10d41aad,LOCAL,FINISHED,src.datamodules.text_and_num_datamodule.TextAndNumModule,16,256.0,0,False,dmis-lab/biobert-v1.1,,src.models.text_and_num_model.TextAndNumModule,,32,,,,,1e-08,5e-05,20,,500.0,,,,dmis-lab/biobert-v1.1,,13676,5,0.01,True,,False,,pytorch_lightning.Trainer,ddp,2,20,1,5,None,None,0.9628442764282228,0.0055715299416503,0.8526941657066345,0.027031804933706,0.8614964365959168,0.0363364015959832,0.8465796709060669,0.0476837626002052,0.8444912433624268,0.0153247448303599,0.9479151487350465,0.0094749299726425,0.2708222061395645,0.0406372724383975
TextAndGraphAndNumModule1601342390,2022-02-24 09:26:47,89ms,bac33ba0b6644fdd8105db80d103c526,LOCAL,FINISHED,src.datamodules.text_and_graph_and_num_datamodule.TextAndGraphAndNumModule,16,256.0,0,False,dmis-lab/biobert-v1.1,8.0,src.models.text_and_graph_and_num_model.TextAndGraphAndNumModule,29.0,32,32.0,32.0,128.0,,1e-08,5e-05,20,128.0,180.0,2.0,512.0,0.1,dmis-lab/biobert-v1.1,4.0,13676,5,0.01,False,False,False,False,pytorch_lightning.Trainer,ddp,2,20,1,5,None,None,0.9547340989112854,0.0141950850649055,0.8421733975410461,0.0323846689238607,0.8418923139572143,0.0333359633912428,0.8439140796661377,0.0476120945770673,0.8437422513961792,0.0202168042158239,0.943672287464142,0.0116310853047794,0.2886633038520813,0.077394259260689
TextAndNumModule4004620124,2022-02-24 06:25:27,65ms,abd3f86f8ded4dba87d1d4c4bb4bfe8b,LOCAL,FINISHED,src.datamodules.text_and_num_datamodule.TextAndNumModule,16,256.0,0,False,dmis-lab/biobert-v1.1,,src.models.text_and_num_model.TextAndNumModule,,32,,,,,1e-08,5e-05,20,,300.0,,,,dmis-lab/biobert-v1.1,,13676,5,0.01,False,,False,,pytorch_lightning.Trainer,ddp,2,20,1,5,None,None,0.9529946208000184,0.0151251696601135,0.842641007900238,0.0201948170726415,0.8546030640602111,0.0208697256147899,0.8315953254699707,0.0292454290664136,0.853008759021759,0.014230938453674,0.9446964263916016,0.0069952012943872,0.295003205537796,0.0580815083515072
TextAndGraphAndNumModule4086146606,2022-02-24 05:05:15,86ms,a531320aae6d43f8a3e826031e043f60,LOCAL,FINISHED,src.datamodules.text_and_graph_and_num_datamodule.TextAndGraphAndNumModule,16,256.0,0,False,dmis-lab/biobert-v1.1,8.0,src.models.text_and_graph_and_num_model.TextAndGraphAndNumModule,29.0,32,32.0,32.0,128.0,,1e-08,5e-05,20,128.0,180.0,2.0,512.0,0.1,dmis-lab/biobert-v1.1,4.0,13676,5,0.01,True,False,False,False,pytorch_lightning.Trainer,ddp,2,20,1,5,None,None,0.9653929948806764,0.0136556166917933,0.846444571018219,0.026847733512834,0.8340846776962281,0.0194586465709437,0.8597415685653687,0.0400057554429425,0.8510356545448303,0.030946232948769,0.9442574977874756,0.0106250738370162,0.2569691687822342,0.0472429506211846
TextAndNumModule2589843828,2022-02-24 02:04:14,74ms,6ad5cbbfa23a442e833e67b97e5528bc,LOCAL,FINISHED,src.datamodules.text_and_num_datamodule.TextAndNumModule,16,256.0,0,False,dmis-lab/biobert-v1.1,,src.models.text_and_num_model.TextAndNumModule,,32,,,,,1e-08,5e-05,20,,300.0,,,,dmis-lab/biobert-v1.1,,13676,5,0.01,True,,False,,pytorch_lightning.Trainer,ddp,2,20,1,5,None,None,0.9590771794319152,0.0057692307588338,0.8393887758255005,0.0257160649219128,0.8412038922309876,0.0216101004684608,0.8378758192062378,0.0328941358830881,0.8461008429527282,0.0139524276450534,0.9429407596588136,0.008863290318078,0.2685477167367935,0.0289657598440839
TextAndGraphAndNumModule3635504380,2022-02-24 00:44:13,85ms,5e96a70dfa3f4271a412697677a410b5,LOCAL,FINISHED,src.datamodules.text_and_graph_and_num_datamodule.TextAndGraphAndNumModule,16,256.0,0,False,dmis-lab/biobert-v1.1,8.0,src.models.text_and_graph_and_num_model.TextAndGraphAndNumModule,29.0,32,32.0,32.0,128.0,,1e-08,5e-05,20,128.0,100.0,2.0,512.0,0.1,dmis-lab/biobert-v1.1,4.0,13676,5,0.01,False,False,False,False,pytorch_lightning.Trainer,ddp,2,20,1,5,None,None,0.959732711315155,0.0052334526140336,0.8397454977035522,0.0319416935060392,0.8563523650169372,0.025489834540678,0.8254933476448059,0.052176454021676,0.8452922821044921,0.0133130257160387,0.9441112041473388,0.010163785818916,0.2825677722692489,0.0248517907040139
TextAndNumModule413261109,2022-02-23 21:26:42,58ms,b2bc6ba92ff94a82b1e081f0796d2e10,LOCAL,FINISHED,src.datamodules.text_and_num_datamodule.TextAndNumModule,16,256.0,0,False,dmis-lab/biobert-v1.1,,src.models.text_and_num_model.TextAndNumModule,,32,,,,,1e-08,5e-05,20,,100.0,,,,dmis-lab/biobert-v1.1,,13676,5,0.01,False,,False,,pytorch_lightning.Trainer,ddp,2,20,1,5,None,None,0.9657171487808228,0.0130501368985562,0.8505879282951355,0.0326877868958393,0.8549172878265381,0.0350878057940411,0.8472623348236084,0.0409017026102535,0.8654452562332153,0.0292196245148921,0.9471836090087892,0.0113271373199993,0.2592657923698425,0.0407159861402069
TextAndGraphAndNumModule3445857935,2022-02-23 20:17:42,84ms,54fdb04a718649ceb9506708fe40f05b,LOCAL,FINISHED,src.datamodules.text_and_graph_and_num_datamodule.TextAndGraphAndNumModule,16,256.0,0,False,dmis-lab/biobert-v1.1,8.0,src.models.text_and_graph_and_num_model.TextAndGraphAndNumModule,29.0,32,32.0,32.0,128.0,,1e-08,5e-05,20,128.0,100.0,2.0,512.0,0.1,dmis-lab/biobert-v1.1,4.0,13676,5,0.01,True,False,False,False,pytorch_lightning.Trainer,ddp,2,20,1,5,None,None,0.964789617061615,0.0115769394057248,0.832841670513153,0.0239471663179059,0.8338958740234375,0.0495762114964954,0.8368505835533142,0.0520751880944275,0.8406739830970764,0.0181142267437874,0.9398683309555054,0.0108838249837843,0.2604271590709686,0.0744551553095361
TextAndNumModule331844549,2022-02-23 16:48:12,69ms,250afda403c64d88b8c24321d7535fa6,LOCAL,FINISHED,src.datamodules.text_and_num_datamodule.TextAndNumModule,16,256.0,0,False,dmis-lab/biobert-v1.1,,src.models.text_and_num_model.TextAndNumModule,,32,,,,,1e-08,5e-05,20,,100.0,,,,dmis-lab/biobert-v1.1,,13676,5,0.01,True,,False,,pytorch_lightning.Trainer,ddp,2,20,1,5,None,None,0.9563562750816346,0.0133167543830443,0.8425325751304626,0.0200084108045806,0.8491758465766907,0.0263568012803317,0.8373088598251343,0.0353595693457041,0.8449997782707215,0.013649915847378,0.9442575097084044,0.0070984806216461,0.291000235080719,0.057756714958332
TextAndNumModule3265460656,2022-02-23 12:39:42,67ms,1e00772296ab42f187044341266bebb5,LOCAL,FINISHED,src.datamodules.text_and_num_datamodule.TextAndNumModule,16,256.0,0,False,dmis-lab/biobert-v1.1,,src.models.text_and_num_model.TextAndNumModule,,32,,,,,1e-08,5e-05,20,,180.0,,,,dmis-lab/biobert-v1.1,,13676,5,0.01,False,,False,,pytorch_lightning.Trainer,ddp,2,20,1,5,None,None,0.9677411437034606,0.0051991120945912,0.8435601353645324,0.0171107226210656,0.8530699133872985,0.0311408264503945,0.8351373672485352,0.0194745684151543,0.8539122104644775,0.015141560233042,0.9448427319526672,0.005771209443108,0.2602217376232147,0.0091567566368125
TextAndNumModule2142382196,2022-02-23 08:27:35,73ms,a1c63c7560d24f35b70bdf82e1c54ce0,LOCAL,FINISHED,src.datamodules.text_and_num_datamodule.TextAndNumModule,16,256.0,0,False,dmis-lab/biobert-v1.1,,src.models.text_and_num_model.TextAndNumModule,,32,,,,,1e-08,5e-05,20,,180.0,,,,dmis-lab/biobert-v1.1,,13676,5,0.01,True,,False,,pytorch_lightning.Trainer,ddp,2,20,1,5,None,None,0.960591197013855,0.0059946207416984,0.8331599235534668,0.0099126959601561,0.8481804132461548,0.0291954061895071,0.8201002717018128,0.0247263315261141,0.8422935962677002,0.0196910054815336,0.9414777040481568,0.0038431531112535,0.2457612603902816,0.0262796765461009
TextAndNumModule2950602157,2022-02-23 04:06:26,62ms,fcbf7c23935646cca4d8c706030058aa,LOCAL,FINISHED,src.datamodules.text_and_num_datamodule.TextAndNumModule,16,256.0,0,False,dmis-lab/biobert-v1.1,,src.models.text_and_num_model.TextAndNumModule,,32,,,,,1e-08,5e-05,20,,100.0,,,,dmis-lab/biobert-v1.1,,13676,5,0.01,False,,False,,pytorch_lightning.Trainer,ddp,2,20,1,5,None,None,0.9589084506034852,0.0169914507806088,0.8380349516868592,0.0221917357854777,0.8535232543945312,0.0268137602180033,0.8250174045562744,0.0420317250152745,0.8481434941291809,0.0192971191630207,0.9433796763420104,0.00652006514366,0.3022967308759689,0.0538711361809446
TextAndNumModule1171927391,2022-02-22 23:46:21,65ms,d5b6a1cf05d24b7b86f7feffc6a174bf,LOCAL,FINISHED,src.datamodules.text_and_num_datamodule.TextAndNumModule,16,256.0,0,False,dmis-lab/biobert-v1.1,,src.models.text_and_num_model.TextAndNumModule,,32,,,,,1e-08,5e-05,20,,100.0,,,,dmis-lab/biobert-v1.1,,13676,5,0.01,True,,False,,pytorch_lightning.Trainer,ddp,2,20,1,5,None,None,0.9584471940994262,0.0098228856487516,0.8431913495063782,0.0182674468765759,0.8474599599838257,0.0082360807393611,0.8395367860794067,0.0325481294383097,0.8480205178260803,0.0132187639195426,0.9444038152694704,0.0063098456086466,0.281668096780777,0.0574519246983065
TextAndGraphModule386037688,2022-02-22 19:14:00,69ms,2cd2565b03e14819a82e10313b2b9c28,LOCAL,FINISHED,src.datamodules.text_and_graph_datamodule.TextAndGraphModule,16,256.0,0,False,dmis-lab/biobert-v1.1,8.0,src.models.text_and_graph_model.TextAndGraphModule,29.0,32,,,,,1e-08,5e-05,20,128.0,,2.0,,,dmis-lab/biobert-v1.1,,13676,5,0.01,,,,,pytorch_lightning.Trainer,ddp,2,20,1,5,None,None,0.9624068260192872,0.016616695795882,0.8337078094482422,0.03584584222974,0.8558494448661804,0.0346086002514738,0.8158161878585816,0.0632074063122215,0.8440647006034852,0.0208340149170888,0.942209219932556,0.012038048341434,0.263634443283081,0.0470459209412408
TextModule2042532696,2022-02-22 14:35:31,60ms,dbe61fe5ede94be397525a10ec0c4cda,LOCAL,FINISHED,src.datamodules.text_datamodule.TextDatasetModule,16,256.0,0,False,dmis-lab/biobert-v1.1,,src.models.text_model.TextModule,,32,,,,,1e-08,5e-05,20,,,,,,dmis-lab/biobert-v1.1,,13676,5,0.01,,,False,,pytorch_lightning.Trainer,ddp,2,20,1,5,None,None,0.973092520236969,0.0084647819138702,0.8514355778694153,0.0270759149788387,0.8472763776779175,0.0374769438686252,0.8568795323371887,0.033184505532473,0.8584752082824707,0.0199563484347814,0.9465983867645263,0.0107711379255592,0.2800287187099456,0.0289616378689758
